,Time,replicate ,single cell,4-celled ,8-celled,16-celled,> 16-celled
2,0,3,7.28,59.626666666666665,102.61333333333334,0,0
5,24,3,2.0,28.0,140.0,48,60
