,Time,replicate ,single cell,4-celled ,8-celled,16-celled,> 16-celled
0,0,1,10.053333333333333,63.78666666666667,94.98666666666668,16,0
3,24,1,1.0,24.0,168.0,48,80
