,Time,replicate ,single cell,4-celled ,8-celled,16-celled,> 16-celled
1,0,2,7.973333333333334,47.14666666666667,92.90666666666668,0,0
4,24,2,2.0,20.0,212.0,64,60
